Date,ExactTime,StartTime,EndTime,Level,Configuration,Mode,Comments,,Color Legend,
04/30/2024,X,12:20,13:25,7698,BASELINE,FILLING,Ramping down Heizinger HV (Francesco Pietropaolo),,,Important Features
04/30/2024,13:45,X,X,7698,BASELINE,FILLING,Condenser is OFF (Filippo),,,Tasks still ongoing
04/30/2024,13:45,X,X,7968,BASELINE,FILLED,Filling completed,,,Change of MODE
04/30/2024,13:58,X,X,7698,BASELINE,FILLED,TPC ELECTRONICS OFF (Roger Huang),,,Change of CONFIGURATION
04/30/2024,X,11:00,15:49,7968,BASELINE,FILLED,DAPHNE ON with NO BIAS voltage: P = 0.132 A*V,,,
04/30/2024,14:18,X,X,7968,BASELINE,FILLED,Open the shutter (David Rivera),,,
04/30/2024,X,14:20,14:26,7968,BASELINE,FILLED,Shine a weak green laser (CLASS 2) through the periscope into the detector,,,
04/30/2024,14:26,X,X,7968,BASELINE,FILLED,Shutter is closed (David Rivera),,,
04/30/2024,X,13:50,14:50,7698,BASELINE,FILLED,LEDs to see periscope are ON and cameras ON,,,
04/30/2024,14:35,X,X,7698,BASELINE,FILLED,Lowering periscope just a bit slow to make sure that the mechanical portion on the feedthrough clears,,,
04/30/2024,14:46,X,X,7698,BASELINE,FILLED,Filippo sends email about cryostat being completely filled,,,
04/30/2024,X,14:50,15:30,7698,BASELINE,FILLED,Taking a PDS run (Laura Pérez-Molina): BIAS on,,,
04/30/2024,X,15:31,15:36,7698,BASELINE,FILLED,Taking a PrM run (Wenjie Wu),,,
04/30/2024,15:35,X,X,7960,BASELINE,FILLED,Liquid level went below 7968. From now on: 7960,,,
04/30/2024,15:49,X,X,7960,BASELINE,FILLED,DAPHNE is turned OFF (Manuel Arroyave),,,
04/30/2024,16:23,X,X,7960,BASELINE,FILLED,Cameras and LEDs OFF (Anselmo Cervera),,,
04/30/2024,17:02,X,X,7960,BASELINE,FILLED,Liquid level is continuously decreasing as GA on poisiton 9 is increasing in temperature,,,
04/30/2024,18:03,X,X,7960,BASELINE,FILLED,Stopped Running Jordi App,,,
04/30/2024,X,18:20,18:22,7960,BASELINE,FILLED,Purity Monitor run (Wenjie),,,
04/30/2024,18:43,X,X,7960,BASELINE,FILLED,Turn off camera heaters,,,
04/30/2024,18:45,X,X,7960,BASELINE,FILLED,"At this point, every system was off. Full quieteness.",,,
04/30/2024,X,18:45,8:23,7960,BASELINE,FILLED,POFF with BASELINE configuration: all night long,,,
04/30/2024,20:27,X,X,7960,BASELINE,FILLED,Temperature of GA position 9 has increased up to 91K indicating the level has decreased significantly,,,
05/01/2024,7:25,X,X,7960,BASELINE,FILLED,Temperature of GA position 9 has increased up to 95K indicating the level has decreased significantly during the night,,,
05/01/2024,X,8:24,9:43,7960,BASELINE,FILLED,Changing the connectors to SWITCHED configuration,,,
05/01/2024,X,9:45,10:55,7960,SWITCHED,FILLED,POFF with SWITCHED configuration,,,
05/01/2024,X,10:51,10:54,7960,SWITCHED,FILLED,Purity Monitor run (Wenjie),,,
05/01/2024,X,10:56,11:32,7960,SWITCHED,FILLED,Changing the connectors to PRECISION configuration,,,
05/01/2024,X,11:33,12:01,7960,PRECISION,FILLED,POFF with PRECISION configuration,,,
05/01/2024,X,12:01,13:01,7960,PRECISION,FILLED,DAPHNE is turned ON - NO bias voltage (Anselmo Cervera),,,
05/01/2024,X,13:01,14:00,7960,PRECISION,FILLED,Cameras & camera heaters are turned ON (Anselmo Cervera),,,
05/01/2024,X,14:01,14:59,7960,PRECISION,FILLED,POFF with PRECISION configuration,,,
05/01/2024,X,15:03,17:05,7960,PRECISION,FILLED,LOWER CE ON (Roger Huang),,,
05/01/2024,X,17:05,19:05,7960,PRECISION,FILLED,LOWER CE OFF & UPPER CE ON (Roger Huang),,,
05/01/2024,X,19:05,21:50,7960,PRECISION,FILLED,POFF with PRECISION configuration,,,
05/01/2024,X,21:51,22:20,7960,PRECISION,FILLED,DAPHNE is turned ON - NO bias voltage (Anselmo Cervera),,,
05/01/2024,X,22:28,23:04,7960,PRECISION,FILLED,Cameras & camera heaters are turned ON (Anselmo Cervera),,,
05/01/2024,X,23:05,8:15,7960,PRECISION,FILLED,POFF with PRECISION configuration: all night long,,,
05/02/2024,8:15,X,X,7960,PRECISION,FILLED,Cameras & camera heaters are turned ON (Xavier Pons),,,
05/02/2024,X,8:21,8:37,7960,PRECISION,FILLED,Changing the connectors to PUMPS configuration,,,
05/02/2024,X,8:41,8:46,7960,PUMPS,FILLED,Purity Monitor run (Wenjie),,,
05/02/2024,X,8:55,9:27,7960,PUMPS,FILLED,Changing the connectors to PIPES configuration,,,
05/02/2024,9:30,X,X,7960,PIPES,FILLED,DAPHNE is turned ON - NO bias voltage (Anselmo Cervera),,,
05/02/2024,X,9:33,12:11,7698,PIPES,FILLED,Taking a PDS run (Laura Pérez-Molina): BIAS on,,,
05/02/2024,X,9:33,10:09,7698,PIPES,FILLED,Taking a PDS run (Laura Pérez-Molina): 107 is OVER,,,
05/02/2024,10:08,X,X,7960,PIPES,FILLED,ALL CE ON (Roger Huang),,,
05/02/2024,X,9:33,10:41,7698,PIPES,FILLED,Taking a PDS run (Laura Pérez-Molina): 104 and 105 are OVER,,,
05/02/2024,13:11,X,X,7960,PIPES,FILLED,Changed the connectors to FINAL configuration (Xavier Pons),,,
05/03/2024,X,9:01,9:06,7960,FINAL,FILLED,Purity Monitor run (Wenjie),,,
05/03/2024,X,9:55,10:00,7960,FINAL,FILLED,Purity Monitor run (Wenjie),,,
05/03/2024,13:30,X,X,7960,FINAL,FILLED,Recirculation ON: Wenjie mentions it got stable by 13:30.,,,
05/03/2024,X,13:56,14:03,7960,FINAL,FILLED,Purity Monitor run (Wenjie),,,
05/03/2024,X,14:04,15:48,7960,FINAL,FILLED,Taking a PDS run (Laura Pérez-Molina): BIAS on,,,
05/03/2024,X,15:58,16:03,7960,FINAL,FILLED,Purity Monitor run (Wenjie),,,
05/03/2024,X,15:58,16:03,7960,FINAL,FILLED,Purity Monitor run (Wenjie),,,
05/03/2024,X,17:57,18:03,7960,FINAL,FILLED,Purity Monitor run (Wenjie),,,
05/03/2024,X,19:42,19:50,7960,FINAL,FILLED,Purity Monitor run (Wenjie),,,
05/04/2024,X,8:00,8:06,7960,FINAL,FILLED,Purity Monitor run (Wenjie),,,
05/04/2024,X,13:03,13:10,7960,FINAL,FILLED,Purity Monitor run (Wenjie),,,
05/05/2024,X,9:06,9:15,7960,FINAL,FILLED,Purity Monitor run (Wenjie),,,
05/05/2024,X,11:57,12:03,7960,FINAL,FILLED,Purity Monitor run (Wenjie),,,
05/05/2024,X,20:30,20:33,7960,FINAL,FILLED,Purity Monitor run (Wenjie),,,
05/06/2024,X,8:58,9:06,7960,FINAL,FILLED,Purity Monitor run (Wenjie),,,
05/06/2024,X,14:51,15:40,7960,FINAL,FILLED,All sensors are TURNED OFF for CE noise tests (Xavier Pons),,,
05/07/2024,X,8:49,9:07,7960,FINAL,FILLED,Purity Monitor run (Wenjie),,,
05/10/2024,X,12:13,,,FINAL,FILLED,APA bias voltage ramp up,,,
05/30/2024,10:03,X,X,7960,BASELINE,FILLED,Changed the connectors to BASELINE configuration (Xavier Pons),,,
05/30/2024,12:57,X,X,7960,BASELINE,FILLED,Reduced the HV from 180kV to 150V,,,
05/30/2024,13:05,X,X,7960,BASELINE,FILLED,Reduced the HV from 150kV to 0V,,,
05/30/2024,13:19,X,X,7960,BASELINE,FILLED,Ramping up HV to 180kV,,,
05/30/2024,10:50,X,X,7960,BASELINE,FILLED,Started recirculation again (Wenjie says),,,
09/18/2024,,10:40,10:50,7960,TGRAD_SWAPPED,FILLED,Changing connectors to TGRAD_SWAPPED configuration,,,
09/18/2024,,10:50,11:53,7960,TGRAD_SWAPPED,FILLED,Taking TGrad Profiles with TGRAD_SWAPPED configuration,,,
09/18/2024,,11:54,11:56,7960,BASELINE,FILLED,Changing connectors to BASELINE configuration,,,
09/18/2024,,11:57,12:20,7960,BASELINE,FILLED,Taking TGrad Profiles with BASELINE configuration,,,
09/18/2024,,12:20,12:22,7960,TGRAD_SWAPPED,FILLED,Changing connectors to TGRAD_SWAPPED configuration,,,
09/18/2024,,12:22,12:55,7960,TGRAD_SWAPPED,FILLED,Taking TGrad Profiles with TGRAD_SWAPPED configuration,,,
09/18/2024,,12:56,12:58,7960,BASELINE,FILLED,Changing connectors to BASELINE configuration,,,
09/18/2024,,12:59,13:04,7960,BASELINE,FILLED,Taking TGrad Profiles with BASELINE configuration,,,
09/18/2024,,13:05,13:07,7960,TGRAD_INTERCHANGED,FILLED,Changing connectors to TGRAD_INTERCHANGED configuration,,,
09/18/2024,,13:08,15:18,7960,TGRAD_INTERCHANGED,FILLED,Taking TGrad Profiles with TGRAD_INTERCHANGED configuration,,,
09/18/2024,,15:20,15:22,7960,BASELINE,FILLED,Changing connectors to BASELINE configuration,,,
09/18/2024,,15:25,17:15,7960,BASELINE,FILLED,Taking TGrad Profiles with BASELINE configuration,,,
09/18/2024,,17:15,18:30,7960,BASELINE,FILLED,Changing connectors to BASELINE configuration,,,
09/18/2024,,18:30,10:41,7960,BASELINE,FILLED,Taking TGrad Profiles with BASELINE configuration,,,
09/19/2024,,10:42,11:03,7960,APA,FILLED,Changing connectors to APA configuration,,,
09/19/2024,,11:03,15:02,7960,APA,FILLED,Taking APA Profiles with APA configuration,,,
09/19/2024,,15:02,15:13,7960,CURRENT1-1,FILLED,Changing connectors to CURRENT1-1 configuration,,,
09/19/2024,,15:13,15:20,7960,CURRENT1-1,FILLED,Taking CURRENT1-1,,,
09/19/2024,,15:20,15:21,7960,CURRENT1-2,FILLED,Changing connectors to CURRENT1-2 configuration,,,
09/19/2024,,15:21,15:28,7960,CURRENT1-2,FILLED,Taking CURRENT1-2,,,
09/19/2024,,15:28,15:30,7960,CURRENT1-1,FILLED,Changing connectors to CURRENT1-1 configuration,,,
09/19/2024,,15:30,15:36,7960,CURRENT1-1,FILLED,Taking CURRENT1-1,,,
09/19/2024,,15:37,15:38,7960,CURRENT1-3,FILLED,Changing connectors to CURRENT1-1 configuration,,,
09/19/2024,,15:38,15:45,7960,CURRENT1-3,FILLED,Taking CURRENT1-3,,,
09/19/2024,,15:45,15:47,7960,CURRENT1-1,FILLED,Changing connectors to CURRENT1-1 configuration,,,
09/19/2024,,15:47,16:00,7960,CURRENT1-1,FILLED,Taking CURRENT1-1,,,
09/19/2024,,16:00,16:03,7960,CURRENT1-4,FILLED,Changing connectors to CURRENT1-4 configuration,,,
09/19/2024,,16:04,16:16,7960,CURRENT1-4,FILLED,Taking CURRENT1-4,,,
09/19/2024,,16:16,16:18,7960,CURRENT1-1,FILLED,Changing connectors to CURRENT1-1 configuration,,,
09/19/2024,,16:18,16:26,7960,CURRENT1-1,FILLED,Taking CURRENT1-1,,,
09/19/2024,,16:00,16:56,7960,NOTHING,FILLED,TRYING TO MAKE THE CURRENT PCB WORK,,,
09/19/2024,,16:58,17:00,7960,CURRENT2-1,FILLED,Changing connectors to CURRENT2-1 configuration,,,
09/19/2024,,17:00,17:16,7960,CURRENT2-1,FILLED,Taking CURRENT2-1,,,
09/19/2024,,17:16,17:17,7960,CURRENT1-1,FILLED,Changing connectors to CURRENT1-1 configuration,,,
09/19/2024,,17:17,17:48,7960,CURRENT1-1,FILLED,Taking CURRENT1-1,,,
09/19/2024,,17:48,17:49,7960,CURRENT2-2,FILLED,Changing connectors to CURRENT2-2 configuration,,,
09/19/2024,,17:49,18:03,7960,CURRENT2-2,FILLED,Taking CURRENT2-2,,,
09/19/2024,,18:03,18:04,7960,CURRENT1-1,FILLED,Changing connectors to CURRENT1-1 configuration,,,
09/19/2024,,18:05,18:14,7960,CURRENT1-1,FILLED,Taking CURRENT1-1,,,
09/19/2024,,18:14,18:15,7960,CURRENT2-3,FILLED,Changing connectors to CURRENT2-3 configuration,,,
09/19/2024,,18:16,18:34,7960,CURRENT2-3,FILLED,Taking CURRENT2-3,,,
09/19/2024,,18:34,18:35,7960,CURRENT1-1,FILLED,Changing connectors to CURRENT1-1 configuration,,,
09/19/2024,,18:35,18:43,7960,CURRENT1-1,FILLED,Taking CURRENT1-1,,,
09/19/2024,,18:43,18:44,7960,CURRENT2-4,FILLED,Changing connectors to CURRENT2-4 configuration,,,
09/19/2024,,18:44,18:50,7960,CURRENT2-4,FILLED,Taking CURRENT2-4,,,
09/19/2024,,18:50,18:51,7960,APA,FILLED,Changing connectors to APA configuration,,,
09/19/2024,,18:51,12:00,7960,APA,FILLED,Taking APA Profiles with APA configuration,,,
09/20/2024,,12:03,12:43,7960,APA,FILLED,"Xavier is swapping the Power Supplies so now, the TMS one is independent. The new power supply is installed.",,,
09/20/2024,,12:43,12:52,7960,APA,FILLED,Taking APA Profiles with APA configuration,,,
09/20/2024,,12:52,12:54,7960,OFFSET1.1-1.2,FILLED,Changing to OFFSET1.1-1.2,,,
09/20/2024,,12:43,13:57,7960,OFFSET1.1-1.2,FILLED,Taking OFFSET1.1-1.2,,,
09/20/2024,,13:58,13:59,7960,OFFSET1.1-2.1,FILLED,Changing to OFFSET1.1-2.1,,,
09/20/2024,,14:00,14:10,7960,OFFSET1.1-2.1,FILLED,Taking OFFSET1.1-2.1,,,
09/20/2024,,14:10,14:13,7960,OFFSET1.1-3.1,FILLED,Changing to OFFSET1.1-3.1,,,
09/20/2024,,14:13,14:22,7960,OFFSET1.1-3.1,FILLED,Taking OFFSET1.1-3.1,,,
09/20/2024,,14:22,14:25,7960,OFFSET1.1-4.1,FILLED,Changing to OFFSET1.1-4.1,,,
09/20/2024,,14:25,14:31,7960,OFFSET1.1-4.1,FILLED,Taking OFFSET1.1-4.1,,,
09/20/2024,,14:31,14:50,7960,BASELINE,FILLED,Changing to BASELINE,,,
09/20/2024,,14:50,15:39,7960,BASELINE,FILLED,Taking TGrad Profiles with BASELINE configuration,,,
10/11/2024,,15:51,16:05,7960,OCTOBER,FILLED,Changed the connectors to OCTOBER configuration (Anselmo),,,
10/11/2024,,16:05,,7960,OCTOBER,FILLED,Taking Data with OCTOBER configuration,,,
10/14/2024,,15:37,15:38,7960,OCTOBER,FILLED,Roger Huang: Turned everything off and then everything on few seconds (~10 seconds) later.,,,
10/14/2024,,15:45,16:20,7960,OCTOBER,FILLED,Roger Huang: Powered everything off and then on ~35 minutes later.,,,
11/29/2024,11:38,,,,OCTOBER,FILLED,Christos: Turning HV to zero after having operating it at 259 kV and then 100 kV,,,
11/29/2024,23:00,,,,OCTOBER,FILLED,Roger Huang: Truning CE OFF for the whole weekend until the end of second pumps off operation starting next monday,,,
12/02/2024,12:00,,,,OCTOBER,FILLED,Filippo says recirculation is OFF. CE is also OFF and tests are being carried out with PDS,,,
12/03/2024,,11:45,12:01,7960,OCTOBER,FILLED,Changing the connectors to EMPTY configuration (Jordi),,,
12/03/2024,,12:01,,7960,EMPTY,FILLED,Taking data with EMPTY configuration,,,
12/03/2024,14:30,,,7960,EMPTY,FILLED,Recirculation ON: Filippo sends email,,,
12/03/2024,17:32,,,7960,EMPTY,FILLED,ALL CE ON (Roger Huang),,,
09/12/2025,,12:00,12:30,0,HP_RES,EMPTY,Connecting HP resistances calibrated by Victoria to bottom-most sensors. Starting from reistor PDHD-HP-13 at the bottom-most location (TE0048) up to PDHD-HP-35 to channel TE0026. This task was performed by Anselmo and Jordi in the cryostat after accessing it via the manhole (no TCO).,,,
09/12/2025,12:30,,,0,HP_RES,EMPTY,"Taking data with HP_RES configuration. On 10/12/2025 in principle the rest of the resistors will be conencted to the rest of the channels (to channel TE0001). Finally, we are calibrating the readout on the racks side on 10/12/2025. We wil make use of the configurations HP_RES stored in the appropriate folder (same as logFile) for this",,,
10/12/2025,,11:30,11:33,0,HP_RES,EMPTY,Changing the connectors on the rack side to HP_RES_B1_CH1-12 configuration,,,
10/12/2025,,11:34,11:53,0,HP_RES_B1_CH1-12,EMPTY,"Calibrating readout on rack side with HP resistors. B1 from channels 1 to 12. Because of an error, the lowest-numbered resistors were connected to the channels 6-12 while the hihgest-numbered ones to the channels 1-6. This ""bad"" configuration is labelled HP_RES_B1_CH1-12",,,
10/12/2025,,11:54,11:58,0,HP_RES_B1_CH1-12,EMPTY,Changing the connectors on the rack side to HP_RES_B1_CH12-24 configuration,,,
10/12/2025,,11:59,13:50,0,HP_RES_B1_CH12-24,EMPTY,Calibrating readout on rack side with HP resistors. B1 from channels 12 to 24,,,
10/12/2025,,13:51,14:00,0,HP_RES_B1_CH12-24,EMPTY,Changing the connectors on the rack side to HP_RES_B1_CH1-12_bis configuration,,,
10/12/2025,,14:01,14:51,0,HP_RES_B1_CH1-12_bis,EMPTY,"Calibrating readout on rack side with HP resistors. B1 from channels 1 to 12. Now, the resistors are connected proeprly. This proper configuration is HP_RES_B1_CH1-12_bis",,,
10/12/2025,,14:52,14:55,0,HP_RES_B1_CH1-12_bis,EMPTY,Changing the connectors on the rack side to HP_RES_B2_CH1-12 configuration,,,
10/12/2025,,14:56,16:10,0,HP_RES_B2_CH1-12 ,EMPTY,Calibrating readout on rack side with HP resistors. B2 from channels 1 to 12.,,,
10/12/2025,,16:11,16:16,0,HP_RES_B2_CH1-12 ,EMPTY,Changing the connectors on the rack side to HP_RES_B2_CH12-24 configuration,,,
10/12/2025,,16:17,17:19,0,HP_RES_B2_CH12-24,EMPTY,Calibrating readout on rack side with HP resistors. B2 from channels 12 to 24.,,,
10/12/2025,,17:20,17:41,0,HP_RES_B2_CH12-24,EMPTY,Changing the connectors on the rack side to HP_RES_B3_CH1-12 configuration,,,
10/12/2025,,17:42,17:57,0,HP_RES_B3_CH1-12,EMPTY,Calibrating readout on rack side with HP resistors. B3 from channels 1 to 12.,,,
10/12/2025,,17:58,18:04,0,HP_RES_B3_CH1-12,EMPTY,Changing the connectors on the rack side to HP_RES_B3_CH12-24 configuration,,,
10/12/2025,,18:05,18:20,0,HP_RES_B3_CH12-24,EMPTY,Calibrating readout on rack side with HP resistors. B3 from channels 12 to 24.,,,
10/12/2025,,18:21,18:27,0,HP_RES_B3_CH12-24,EMPTY,Changing the connectors on the rack side to HP_RES_B4_CH1-12 configuration,,,
10/12/2025,,18:28,18:46,0,HP_RES_B4_CH1-12,EMPTY,Calibrating readout on rack side with HP resistors. B4 from channels 1 to 12.,,,
10/12/2025,,18:47,18:49,0,HP_RES_B4_CH1-12,EMPTY,Changing the connectors on the rack side to HP_RES_B4_CH12-24 configuration,,,
10/12/2025,,18:50,19:05,0,HP_RES_B4_CH12-24,EMPTY,Calibrating readout on rack side with HP resistors. B4 from channels 1 to 12.,,,
10/12/2025,,19:06,19:09,0,HP_RES_B4_CH12-24,EMPTY,Changing the connectors on the rack side to HP_RES_B1_CH1-6_B2_CH1-6 configuration,,,
10/12/2025,,19:10,9:24,0,HP_RES_B1_CH1-6_B2_CH1-6,EMPTY,Calibrating readout on rack side with HP resistors. B1 from channels 1 to 6 and B2 from channels 1 to 6.,,,
11/12/2025,,9:26,9:29,0,HP_RES_B1_CH1-6_B2_CH1-6,EMPTY,Changing the connectors on the rack side to HP_RES_B1_CH1-6_B3_CH1-6 configuration,,,
11/12/2025,,9:30,9:42,0,HP_RES_B1_CH1-6_B3_CH1-6,EMPTY,Calibrating readout on rack side with HP resistors. B1 from channels 1 to 6 and B3 from channels 1 to 6.,,,
11/12/2025,,9:43,9:45,0,HP_RES_B1_CH1-6_B3_CH1-6,EMPTY,Changing the connectors on the rack side to HP_RES_B1_CH1-6_B4_CH1-6 configuration,,,
11/12/2025,,9:45,9:59,0,HP_RES_B1_CH1-6_B4_CH1-6,EMPTY,Calibrating readout on rack side with HP resistors. B1 from channels 1 to 6 and B4 from channels 1 to 6.,,,
11/12/2025,,10:01,10:02,0,HP_RES_B1_CH1-6_B4_CH1-6,EMPTY,Changing the connectors on the rack side to HP_RES configuration,,,
11/12/2025,,10:03,10:43,0,HP_RES,EMPTY,Calibrating readout on rack side with HP resistors. HP_RES configuration. Same as 09/12/2025. We are now getting into the cryostat and will connect the rest of resistors to the channels not still connected. We will remove all the RTDs that are possible to remove too.,,,
11/12/2025,,10:44,11:21,0,HP_RES_TGRAD,EMPTY,Changing the connectors on the rack side to HP_RES_TGRAD configuration. This configuration is the one with all the possible HP resistors connected to the TGradient.,,,
11/12/2025,,11:22,,0,HP_RES_TGRAD,EMPTY,"Calibrating readout on rack side with HP resistors. HP_RES_TGRAD. All RTDs have been successfully removed and resistors installed in their places. Starting rom PDHD-HP-13 at the bottom-most position until PDHD-HP-60 at the top-most one, with ascending order. RTDs that were not able to be disconnected in previous occasions have been successfully disconnected.",,,