CAL-ID,lar2018,lar2018_err,ln2022,ln2022_err,ln2023,ln2023_err,lar2023,lar2023_err
39655,-42.800000000000004,3,-39.0824957062012,1.7150815929016083,-38.92461007077411,4.241803987922359,-45.64882787339855,1.5499336642725052
39654,-46.0,3,-50.08114267791566,1.6747860379574182,-53.81216660134281,4.144728575902026,-51.40840644777118,1.4421690178103779
39653,-70.1,3,-69.50878448949899,1.6808884060497573,-73.48805582368813,4.210271222630037,-76.07418296811115,1.7448272025807345
39652,-54.800000000000004,3,-51.57097871069002,1.7793474004374,-50.81069437994902,4.29435807343287,-45.63700063119386,1.6020431799116435
39651,-1.5000000000000013,3,-1.8395582313322079,1.7490568633068528,-2.929267626208113,4.314392320203699,-7.1506825385609165,1.5602420208829904
39650,-27.3,3,-29.73585760154422,1.778475863606842,-29.285382540271936,4.330113009482785,-30.3820619225469,1.43348083639568
40526,-15.700000000000003,3,-20.145854861991044,1.7831413147919488,-19.035805113799146,4.430843342878946,-17.08565956489413,1.3250378077227087
40525,0.0,3,-0.0,2.1411524073059414,-0.0,4.395509870958423,-0.0,1.2619395550880699
40524,-31.200000000000003,3,-26.293995200371505,1.949230900808055,-25.966809060270954,4.363630589113327,-25.291072481957436,1.477201557001264
39659,-60.7,3,-57.80208698606598,1.7446451812164991,-56.99195134929236,4.364193494498208,-59.67772096600828,1.6915095196885581
39658,-46.9,3,-45.30899478754758,1.6598283418664714,-46.11818093478416,4.30607641348067,-43.01681895131554,1.5251487333619336
39657,-36.00000000000001,3,-36.65439091282302,1.542525701999371,-35.284148358459696,4.177163426920783,-35.57730797762342,1.8026450006871348
39649,-44.0,3,-40.5923521525809,1.210542900429983,-43.15516689340755,2.4707237284083328,-39.925884510769265,0.8258575883204797
39648,-52.6,3,-50.36637626366329,1.238127380224891,-53.03116964981449,2.3616942045110796,-56.282888733398465,0.8121878192874894
39647,-70.8,3,-65.65611347397875,1.153325123684098,-65.24654004726862,2.5939041116390986,-67.64197125991008,0.8686839467045925
39646,-51.4,3,-43.542433296183674,1.1006999068391168,-46.76831984075771,2.699869864646441,-48.423336604616466,0.9173556382982175
99998,-33.7,3,,,,,,
39644,-56.0,3,-54.22781320589098,1.0660886590505294,-56.53104433079395,2.610509028312187,-57.3039630160796,0.8980869268110684
39630,-57.0,3,-55.07257736715622,1.1067028754258206,-56.463382458426736,2.792490301997263,-59.659305742440836,0.867851172219216
39629,-5.299999999999999,3,-12.744189075306057,1.111186161175814,-12.778941994988346,2.649985510245547,-8.818516958648303,0.8687884697999684
39628,-42.800000000000004,3,-41.50593356260318,1.1688164817830469,-42.66531550529319,2.614021088425929,-46.511400399314546,0.8852566474830433
39627,-15.4,3,-16.109451120493638,1.233227820600974,-18.55151565639457,2.611589522547167,-18.344545576827773,0.8341333259950692
39626,-9.1,3,-13.949268023643715,1.2244817056199238,-16.513845981161094,2.902292054814106,-14.102596303931815,0.8613223621632443
39625,-33.0,3,-42.1488138694295,1.1129233608435853,-41.71792468144953,2.762045792377771,-41.16800634822557,0.8688565293804276
39624,-60.1,3,-58.33321233418012,1.1194216174334202,-60.51734035348465,2.5312545473291,-61.72972038630453,0.8014901184279424
39623,-33.9,3,-36.819046478322065,2.788605820726636,-37.931745155889004,1.5628461133402283,-36.22948615673264,3.857875121357142
39622,-38.199999999999996,3,-37.51290295998407,2.7969078277340804,-33.58735214898801,1.4224222546753174,-29.86598273030199,3.730331283055944
39621,-2.500000000000002,3,-7.820350461566348,2.7805261224009965,-8.743865133040654,1.448040515679119,-4.366340952181482,3.731373733038344
39620,6.6999999999999975,3,7.0390449633633185,2.7446173013047046,7.1588070355377535,1.447678039316239,18.537937873180432,2.775135339392244
39619,-46.0,3,-45.705609291829035,2.7686453975525596,-47.632787134013675,1.4204202658591958,-43.33763913685484,3.6195303159272583
40533,-15.4,3,-11.612922761809907,2.8580788946720515,-12.17985378369075,1.5453186493232614,-8.39308187538387,3.7578246195495155
99999,-33.7,3,,,,,,
40531,-22.1,3,-22.435170468251947,2.844051702453115,-24.146928717765963,1.522552742570808,-17.851445155329866,3.6449995491035994
39615,-36.900000000000006,3,-35.42091847473396,2.781859645056225,-36.20330377872321,1.6233006488024913,-33.05387746735963,3.485941157676818
39614,-45.3,3,-42.548499399853114,2.6382953704632066,-43.82183302076538,1.5406515316945477,-45.89506353155187,3.4431801260946977
39613,-25.8,3,-24.704538862847222,2.6710224877882083,-24.81859908498306,1.6366045163348841,-22.422669560310197,3.6801505964724877
39612,-17.1,3,-17.812682822226787,2.7032099514229238,-19.350375127729887,1.5672480329650607,-16.239998880651655,4.1219009824935045
39611,-62.0,3,-59.79705358835631,2.729050623487476,-60.29019619736733,1.4625393024555893,-66.28122238472386,0.7075021682744356
39610,-34.0,3,-36.61573829459603,1.8867091785395536,-35.957330791518764,0.8882166676628119,-33.10128468343704,0.7476291513144048
39609,-28.0,3,-25.7499952021876,1.6823259526200758,-26.56889986111424,0.8947307540823768,-28.99006847130524,0.7673249658377556
39608,-36.3,3,-36.601190248345986,1.7462583923092851,-37.68784067534741,0.8297415054864544,-38.75947322767709,0.7043206980351635
39607,-21.5,3,-21.693524062919227,1.9210941610660002,-23.00563841379564,0.9937225673683695,-19.323249017292564,0.6493447861214272
39666,-50.4,3,-47.76999818215333,1.9804315630633127,-45.426926941018884,0.9561294617619649,-45.043889704634736,0.5645687464026126
39665,-23.0,3,-24.69710255717417,1.8847201061509198,-24.37662460124482,0.8794235245135898,-24.20860605755578,0.6216332927348172
39664,-4.900000000000001,3,-11.228179789080947,1.9578781408017303,-13.82680388532164,0.9813795755999396,-5.808123253880839,0.6521010861637739
39667,5.199999999999997,3,-1.6193300526644858,1.9581312691362458,-4.053863141788491,1.0295001770662222,3.7751416751376756,0.7862760891590478
39661,-38.6,3,-38.78001907947309,1.9353450808640424,-40.53454239493448,1.0429405774125358,-41.566090601655,0.7823672129459712
39660,-19.000000000000004,3,-17.709592483831774,1.753256339529331,-19.329691863022763,1.068354032484044,-20.601357101753944,0.6533828455247103
40000,,3,,,,,,
40001,,3,,,,,,
40002,,3,,,,,,
40003,,3,,,,,,
40004,,3,,,,,,
40005,,3,,,,,,
40006,,3,,,,,,
40007,,3,,,,,,
40008,,3,,,,,,
40009,,3,,,,,,
40010,,3,,,,,,
40011,,3,,,,,,
40012,,3,,,,,,
40013,,3,,,,,,
40014,,3,,,,,,
40015,,3,,,,,,
40016,,3,,,,,,
40017,,3,,,,,,
40018,,3,,,,,,
40019,,3,,,,,,
40020,,3,,,,,,
40021,,3,,,,,,
40022,,3,,,,,,
40023,,3,,,,,,
40024,,3,,,,,,
40025,,3,,,,,,
40026,,3,,,,,,
40027,,3,,,,,,
40028,,3,,,,,,
40029,,3,,,,,,
40030,,3,,,,,,
40031,,3,,,,,,
40032,,3,,,,,,
40033,,3,,,,,,
40034,,3,,,,,,
40035,,3,,,,,,
40036,,3,,,,,,
40037,,3,,,,,,
40038,,3,,,,,,
40039,,3,,,,,,
40040,,3,,,,,,
40041,,3,,,,,,
40042,,3,,,,,,
40043,,3,,,,,,
40044,,3,,,,,,
40045,,3,,,,,,
40046,,3,,,,,,
40047,,3,,,,,,
40048,,3,,,,,,
40049,,3,,,,,,
40050,,3,,,,,,
40051,,3,,,,,,
40052,,3,,,,,,
40053,,3,,,,,,
40054,,3,,,,,,
40055,,3,,,,,,
40056,,3,,,,,,
40057,,3,,,,,,
40058,,3,,,,,,
40059,,3,,,,,,
40060,,3,,,,,,
40061,,3,,,,,,
40062,,3,,,,,,
40063,,3,,,,,,
40064,,3,,,,,,
40065,,3,,,,,,
40066,,3,,,,,,
40067,,3,,,,,,
40068,,3,,,,,,
40069,,3,,,,,,
40070,,3,,,,,,
40071,,3,,,,,,
40072,,3,,,,,,
40073,,3,,,,,,
40074,,3,,,,,,
40075,,3,,,,,,
40076,,3,,,,,,
40077,,3,,,,,,
40078,,3,,,,,,
40079,,3,,,,,,
40080,,3,,,,,,
40081,,3,,,,,,
40082,,3,,,,,,
40083,,3,,,,,,
40084,,3,,,,,,
40085,,3,,,,,,
40086,,3,,,,,,
40087,,3,,,,,,
40088,,3,,,,,,
40089,,3,,,,,,
40090,,3,,,,,,
40091,,3,,,,,,
40092,,3,,,,,,
40093,,3,,,,,,
40094,,3,,,,,,
40095,,3,,,,,,
40096,,3,,,,,,
40097,,3,,,,,,
40098,,3,,,,,,
40099,,3,,,,,,
40100,,3,,,,,,
40101,,3,,,,,,
40102,,3,,,,,,
40103,,3,,,,,,
40104,,3,,,,,,
40105,,3,,,,,,
40106,,3,,,,,,
40107,,3,,,,,,
40108,,3,,,,,,
40109,,3,,,,,,
40110,,3,,,,,,
40111,,3,,,,,,
40112,,3,,,,,,
40113,,3,,,,,,
40114,,3,,,,,,
40115,,3,,,,,,
40116,,3,,,,,,
40117,,3,,,,,,
40118,,3,,,,,,
40119,,3,,,,,,
40120,,3,,,,,,
40121,,3,,,,,,
40122,,3,,,,,,
40123,,3,,,,,,
40124,,3,,,,,,
40125,,3,,,,,,
40126,,3,,,,,,
40127,,3,,,,,,
40128,,3,,,,,,
40129,,3,,,,,,
40130,,3,,,,,,
40131,,3,,,,,,
40132,,3,,,,,,
40133,,3,,,,,,
40134,,3,,,,,,
40135,,3,,,,,,
40136,,3,,,,,,
40137,,3,,,,,,
40138,,3,,,,,,
40139,,3,,,,,,
40140,,3,,,,,,
40141,,3,,,,,,
40142,,3,,,,,,
40143,,3,,,,,,
40144,,3,,,,,,
40145,,3,,,,,,
40146,,3,,,,,,
40147,,3,,,,,,
40148,,3,,,,,,
40149,,3,,,,,,
40150,,3,,,,,,
40151,,3,,,,,,
40152,,3,,,,,,
40153,,3,,,,,,
40154,,3,,,,,,
40155,,3,,,,,,
40156,,3,,,,,,
40157,,3,,,,,,
40158,,3,,,,,,
40159,,3,,,,,,
40160,,3,,,,,,
40161,,3,,,,,,
40162,,3,,,,,,
40163,,3,,,,,,
40164,,3,,,,,,
40165,,3,,,,,,
40166,,3,,,,,,
40167,,3,,,,,,
40168,,3,,,,,,
40169,,3,,,,,,
40170,,3,,,,,,
40171,,3,,,,,,
40172,,3,,,,,,
40173,,3,,,,,,
40174,,3,,,,,,
40175,,3,,,,,,
40176,,3,,,,,,
40177,,3,,,,,,
40178,,3,,,,,,
40179,,3,,,,,,
40180,,3,,,,,,
40181,,3,,,,,,
40182,,3,,,,,,
40183,,3,,,,,,
40184,,3,,,,,,
40185,,3,,,,,,
40186,,3,,,,,,
40187,,3,,,,,,
40188,,3,,,,,,
40189,,3,,,,,,
40190,,3,,,,,,
40191,,3,,,,,,
40192,,3,,,,,,
40193,,3,,,,,,
40194,,3,,,,,,
40195,,3,,,,,,
40196,,3,,,,,,
40197,,3,,,,,,
40198,,3,,,,,,
40199,,3,,,,,,
40200,,3,,,,,,
40201,,3,,,,,,
40202,,3,,,,,,
40203,,3,,,,,,
40204,,3,,,,,,
40205,,3,,,,,,
40206,,3,,,,,,
40207,,3,,,,,,
40208,,3,,,,,,
40209,,3,,,,,,
40210,,3,,,,,,
40211,,3,,,,,,
40212,,3,,,,,,
40213,,3,,,,,,
40214,,3,,,,,,
40215,,3,,,,,,
40216,,3,,,,,,
40217,,3,,,,,,
40218,,3,,,,,,
40219,,3,,,,,,
40220,,3,,,,,,
40221,,3,,,,,,
40222,,3,,,,,,
40223,,3,,,,,,
40224,,3,,,,,,
40225,,3,,,,,,
40226,,3,,,,,,
40227,,3,,,,,,
40228,,3,,,,,,
40229,,3,,,,,,
40230,,3,,,,,,
40231,,3,,,,,,
40232,,3,,,,,,
40233,,3,,,,,,
40234,,3,,,,,,
40235,,3,,,,,,
40236,,3,,,,,,
40237,,3,,,,,,
40238,,3,,,,,,
40239,,3,,,,,,
40240,,3,,,,,,
40241,,3,,,,,,
40242,,3,,,,,,
40243,,3,,,,,,
40244,,3,,,,,,
40245,,3,,,,,,
40246,,3,,,,,,
40247,,3,,,,,,
40248,,3,,,,,,
40249,,3,,,,,,
40250,,3,,,,,,
40251,,3,,,,,,
40252,,3,,,,,,
40253,,3,,,,,,
40254,,3,,,,,,
40255,,3,,,,,,
40256,,3,,,,,,
40257,,3,,,,,,
40258,,3,,,,,,
40259,,3,,,,,,
40260,,3,,,,,,
40261,,3,,,,,,
40262,,3,,,,,,
40263,,3,,,,,,
40264,,3,,,,,,
40265,,3,,,,,,
40266,,3,,,,,,
40267,,3,,,,,,
